<?xml version="1.0"?>

<project name="tasks">
    <property file="build.properties"/>

    <target name="compile" description="Compile Java source.">
        <mkdir dir="${build.dir}/classes"/>
        <javac srcdir="${src.dir}" debug="on" destdir="${build.dir}/classes">
            <classpath refid="compile.classpath"/>
        </javac>
        <copy toDir="${build.dir}/classes">
            <fileset dir="${src.dir}" excludes="**/*.java"/>
        </copy>
    </target>

    <target name="test.compile" depends="compile" description="Compile test source.">
        <mkdir dir="${build.dir}/tests"/>
        <javac srcdir="${test.dir}" debug="on" destdir="${build.dir}/tests">
            <classpath path="${build.dir}/classes"/>
            <classpath refid="compile.classpath"/>
        </javac>
        <copy toDir="${build.dir}/tests">
            <fileset dir="${test.dir}" excludes="**/*.java"/>
        </copy>
        <mkdir dir="${build.dir}/${junit.report.dir}"/>
    </target>

    <target name="tests" depends="test.compile" description="Execute tests.">
        <echo message="running tests"/>
        <junit printsummary="yes" haltonerror="yes" haltonfailure="yes" fork="yes">
            <classpath>
                    <path refid="compile.classpath"/>
                    <pathelement location="${build.dir}/classes"/>
                    <pathelement location="${build.dir}/tests"/>
            </classpath>
			<batchtest fork="yes" todir="${build.dir}/${junit.report.dir}">
			  <fileset dir="${test.dir}">
				<include name="${test.includes}"/>
				<exclude name="**/AllTests.java"/>
			  </fileset>
			</batchtest>
        </junit>
    </target>

    <target name="clean"
            description="Remove generated files.">
        <delete dir="${build.dir}"/>
    </target>
    
</project>
